{
    "train_losses": [
        0.01419553913011786,
        0.013642930954292002,
        0.013540875854217049,
        0.013304638147756852,
        0.013338175301531469,
        0.013236812191351631,
        0.013221177904420182,
        0.013261820384397958,
        0.013256764476575686,
        0.012990647896456592,
        0.01317219061784943,
        0.01294186003082251,
        0.013091780875900894,
        0.013057154856336062,
        0.013002626266685507
    ],
    "valid_losses": [
        0.013861476608752454,
        0.013650190544939498,
        0.013577685325960572,
        0.013638899307933786,
        0.013205867520050157,
        0.013291180947253229,
        0.013429097123915637,
        0.013271454474122464,
        0.01310721761252307,
        0.012784001134524612,
        0.01297407656247857,
        0.013382568861110297,
        0.013162572762068309,
        0.012997580597860901,
        0.01322827465785078
    ],
    "train_accs": [
        0.5517758712660021,
        0.6245443634423905,
        0.6377467105263162,
        0.6682299075391177,
        0.66395136913229,
        0.676998133001422,
        0.6789984886201996,
        0.6739864864864872,
        0.674664384779516,
        0.7087704480796573,
        0.685644114509246,
        0.7150715682788061,
        0.6960570768136548,
        0.7004022937411089,
        0.7074591038406821
    ],
    "valid_accs": [
        0.5957476262804828,
        0.623931961723521,
        0.6331289553944067,
        0.6251186705842803,
        0.6816257909883428,
        0.6706685129600235,
        0.652393196202532,
        0.6731408230866057,
        0.6936906644060641,
        0.7355023735686194,
        0.711214399035973,
        0.6587618672395051,
        0.6869462026825432,
        0.7080102849610242,
        0.6788370254673537
    ],
    "test_loss": 0.01335609625828893,
    "test_acc": 0.6623263892374541
}