{
    "experiment": "pre_smote__post_none",
    "preprocessing": "smote",
    "postprocessing": null,
    "run": 4,
    "auc": 0.8601626921963601,
    "recall": 0.6824583866837388,
    "f1": 0.6295031595964051,
    "auc_base": 0.8601626921963601,
    "recall_base": 0.6824583866837388,
    "f1_base": 0.6295031595964051
}