{
    "experiment": "pre_gan__post_none",
    "preprocessing": "gan",
    "postprocessing": null,
    "run": 5,
    "auc": 0.9052768134936817,
    "recall": 0.7531670366984459,
    "f1": 0.6851246193551626,
    "auc_base": 0.9052768134936817,
    "recall_base": 0.7531670366984459,
    "f1_base": 0.6851246193551626
}