{
    "experiment": "pre_smote__post_none",
    "preprocessing": "smote",
    "postprocessing": null,
    "run": 5,
    "auc": 0.864492426587925,
    "recall": 0.6870562216272844,
    "f1": 0.6283838985225118,
    "auc_base": 0.864492426587925,
    "recall_base": 0.6870562216272844,
    "f1_base": 0.6283838985225118
}