{
    "experiment": "pre_graph_gan__post_time_weight_decay",
    "preprocessing": "graph_gan",
    "postprocessing": "time_weight_decay",
    "run": 4,
    "auc": 0.8544652752725063,
    "recall": 0.7030050241729073,
    "f1": 0.5773280813060786,
    "auc_base": 0.8544652752725063,
    "recall_base": 0.7030050241729073,
    "f1_base": 0.5773280813060786
}