{
    "experiment": "pre_none__post_none",
    "preprocessing": null,
    "postprocessing": null,
    "run": 2,
    "auc": 0.8475017755515284,
    "recall": 0.6741871267418713,
    "f1": 0.5827607595607998,
    "auc_base": 0.8475017755515284,
    "recall_base": 0.6741871267418713,
    "f1_base": 0.5827607595607998
}