{
    "experiment": "pre_smote__post_none",
    "preprocessing": "smote",
    "postprocessing": null,
    "run": 1,
    "auc": 0.8698292856792906,
    "recall": 0.7286113374461646,
    "f1": 0.6081546974647848,
    "auc_base": 0.8698292856792906,
    "recall_base": 0.7286113374461646,
    "f1_base": 0.6081546974647848
}