{
    "experiment": "pre_graph_smote__post_contrastive_learning",
    "preprocessing": "graph_smote",
    "postprocessing": "contrastive_learning",
    "run": 2,
    "auc": 0.5677860993982149,
    "recall": 0.6580718551521472,
    "f1": 0.3138061155244682,
    "auc_base": 0.8540080871606733,
    "recall_base": 0.6872689354441179,
    "f1_base": 0.5810299378682248
}