{
    "experiment": "pre_none__post_none",
    "preprocessing": null,
    "postprocessing": null,
    "run": 4,
    "auc": 0.8460752999400326,
    "recall": 0.6578822637216798,
    "f1": 0.5793278706404084,
    "auc_base": 0.8460752999400326,
    "recall_base": 0.6578822637216798,
    "f1_base": 0.5793278706404084
}