{
    "experiment": "pre_smote__post_time_weight_decay",
    "preprocessing": "smote",
    "postprocessing": "time_weight_decay",
    "run": 1,
    "auc": 0.863281484662642,
    "recall": 0.7108602025375392,
    "f1": 0.6136506650873274,
    "auc_base": 0.863281484662642,
    "recall_base": 0.7108602025375392,
    "f1_base": 0.6136506650873274
}