{
    "experiment": "pre_graph_smote__post_contrastive_learning",
    "preprocessing": "graph_smote",
    "postprocessing": "contrastive_learning",
    "run": 3,
    "auc": 0.41387394526937904,
    "recall": 0.45795810029386674,
    "f1": 0.32604281784361433,
    "auc_base": 0.8528195422748892,
    "recall_base": 0.7067020570670206,
    "f1_base": 0.5686889839710089
}