{
    "experiment": "pre_gan__post_none",
    "preprocessing": "gan",
    "postprocessing": null,
    "run": 1,
    "auc": 0.8903213506223158,
    "recall": 0.7044534412955465,
    "f1": 0.6784942867201833,
    "auc_base": 0.8903213506223158,
    "recall_base": 0.7044534412955465,
    "f1_base": 0.6784942867201833
}