{
    "experiment": "pre_smote__post_contrastive_learning",
    "preprocessing": "smote",
    "postprocessing": "contrastive_learning",
    "run": 2,
    "auc": 0.7335355172499496,
    "recall": 0.8098009544872541,
    "f1": 0.38929424839199417,
    "auc_base": 0.8573540033547773,
    "recall_base": 0.7094633919217787,
    "f1_base": 0.5919745747232806
}