{
    "experiment": "pre_none__post_contrastive_learning",
    "preprocessing": null,
    "postprocessing": "contrastive_learning",
    "run": 5,
    "auc": 0.5751934494697466,
    "recall": 0.6924170616113744,
    "f1": 0.3636274977674825,
    "auc_base": 0.8537037897588305,
    "recall_base": 0.6888151658767773,
    "f1_base": 0.5862915501546556
}