{
    "experiment": "pre_graph_gan__post_none",
    "preprocessing": "graph_gan",
    "postprocessing": null,
    "run": 5,
    "auc": 0.8422714936932374,
    "recall": 0.6559241706161137,
    "f1": 0.596178086704211,
    "auc_base": 0.8422714936932374,
    "recall_base": 0.6559241706161137,
    "f1_base": 0.596178086704211
}