{
    "experiment": "pre_graph_gan__post_contrastive_learning",
    "preprocessing": "graph_gan",
    "postprocessing": "contrastive_learning",
    "run": 5,
    "auc": 0.637567438257905,
    "recall": 0.4709952606635071,
    "f1": 0.47257847351766036,
    "auc_base": 0.8475889824883186,
    "recall_base": 0.6983886255924171,
    "f1_base": 0.5650612004111399
}