{
    "experiment": "pre_graph_gan__post_none",
    "preprocessing": "graph_gan",
    "postprocessing": null,
    "run": 3,
    "auc": 0.8541668343315658,
    "recall": 0.7199734571997346,
    "f1": 0.5647594366452541,
    "auc_base": 0.8541668343315658,
    "recall_base": 0.7199734571997346,
    "f1_base": 0.5647594366452541
}