{
    "experiment": "pre_gan__post_contrastive_learning",
    "preprocessing": "gan",
    "postprocessing": "contrastive_learning",
    "run": 3,
    "auc": 0.8166387965180772,
    "recall": 0.8370665447658852,
    "f1": 0.41850790800865717,
    "auc_base": 0.8950578446402309,
    "recall_base": 0.746359302553386,
    "f1_base": 0.6520805512555852
}