{
    "experiment": "pre_graph_smote__post_contrastive_learning",
    "preprocessing": "graph_smote",
    "postprocessing": "contrastive_learning",
    "run": 1,
    "auc": 0.6484719333381659,
    "recall": 0.6835071090047393,
    "f1": 0.4131616306828179,
    "auc_base": 0.8551853550511521,
    "recall_base": 0.6554502369668247,
    "f1_base": 0.5992925734336249
}