{
    "experiment": "pre_smote__post_time_weight_decay",
    "preprocessing": "smote",
    "postprocessing": "time_weight_decay",
    "run": 3,
    "auc": 0.8633911149502549,
    "recall": 0.7152834361541148,
    "f1": 0.600530936522141,
    "auc_base": 0.8633911149502549,
    "recall_base": 0.7152834361541148,
    "f1_base": 0.600530936522141
}