{
    "experiment": "pre_graph_gan__post_time_weight_decay",
    "preprocessing": "graph_gan",
    "postprocessing": "time_weight_decay",
    "run": 1,
    "auc": 0.8529136471552171,
    "recall": 0.6719431279620853,
    "f1": 0.5859105451249809,
    "auc_base": 0.8529136471552171,
    "recall_base": 0.6719431279620853,
    "f1_base": 0.5859105451249809
}