{
    "experiment": "pre_gan__post_time_weight_decay",
    "preprocessing": "gan",
    "postprocessing": "time_weight_decay",
    "run": 2,
    "auc": 0.8982229498224115,
    "recall": 0.7378697838437929,
    "f1": 0.6855996829531293,
    "auc_base": 0.8982229498224115,
    "recall_base": 0.7378697838437929,
    "f1_base": 0.6855996829531293
}