{
    "experiment": "pre_none__post_contrastive_learning",
    "preprocessing": null,
    "postprocessing": "contrastive_learning",
    "run": 3,
    "auc": 0.6430406238214446,
    "recall": 0.6119063418333491,
    "f1": 0.42173760807451105,
    "auc_base": 0.8531239993590353,
    "recall_base": 0.708029197080292,
    "f1_base": 0.5673164534214217
}