{
    "experiment": "pre_smote__post_contrastive_learning",
    "preprocessing": "smote",
    "postprocessing": "contrastive_learning",
    "run": 3,
    "auc": 0.7237223964693097,
    "recall": 0.7243627051565592,
    "f1": 0.44501626174711234,
    "auc_base": 0.8550610969557638,
    "recall_base": 0.6640088464672331,
    "f1_base": 0.6190857288379086
}