{
    "experiment": "pre_smote__post_contrastive_learning",
    "preprocessing": "smote",
    "postprocessing": "contrastive_learning",
    "run": 1,
    "auc": 0.6464239383873556,
    "recall": 0.5303224304504714,
    "f1": 0.449973501828808,
    "auc_base": 0.8698292856792906,
    "recall_base": 0.7286113374461646,
    "f1_base": 0.6081546974647848
}