{
    "experiment": "pre_graph_smote__post_time_weight_decay",
    "preprocessing": "graph_smote",
    "postprocessing": "time_weight_decay",
    "run": 5,
    "auc": 0.850441175459701,
    "recall": 0.6854976303317536,
    "f1": 0.5766383048924478,
    "auc_base": 0.850441175459701,
    "recall_base": 0.6854976303317536,
    "f1_base": 0.5766383048924478
}