{
    "experiment": "pre_gan__post_none",
    "preprocessing": "gan",
    "postprocessing": null,
    "run": 2,
    "auc": 0.8939097953503365,
    "recall": 0.7269640175014693,
    "f1": 0.6808053858637495,
    "auc_base": 0.8939097953503365,
    "recall_base": 0.7269640175014693,
    "f1_base": 0.6808053858637495
}