{
    "train_losses": [
        0.0108749546477595,
        0.009116199304737883,
        0.008644690579479052,
        0.008265272553898867,
        0.00786365466762022,
        0.007418778876656108,
        0.007018519223006621,
        0.006716424076662923,
        0.0065701828519701124,
        0.006385108511656471,
        0.006301228746581046,
        0.006216867950746253,
        0.00613332923652756,
        0.006120823707251384,
        0.006009917837404684
    ],
    "valid_losses": [
        0.009366093044275348,
        0.008672408629916136,
        0.008900158007075137,
        0.008259393204050728,
        0.007740577494230452,
        0.0071993068072803415,
        0.006935328439679702,
        0.006544844182561845,
        0.0067729354140501985,
        0.006208585068300556,
        0.006450449311044774,
        0.006338015263546495,
        0.006247757981189446,
        0.0062413896622631375,
        0.006166086714903389
    ],
    "train_accs": [
        0.47273959815078276,
        0.5594105618776677,
        0.5841482930298718,
        0.599462126600284,
        0.6187877844950211,
        0.6392469772403985,
        0.6567500889046937,
        0.6699302098150792,
        0.6772315078236132,
        0.6845883712660034,
        0.6893892247510658,
        0.6932899182076807,
        0.6967794274537699,
        0.6980129800853483,
        0.7016580725462302
    ],
    "valid_accs": [
        0.5575553797468358,
        0.5864319620253166,
        0.5592958859250516,
        0.5986946202531648,
        0.6293710440020016,
        0.6499011078967324,
        0.6652689870399766,
        0.680854430681542,
        0.667147942736179,
        0.7004746832425083,
        0.683504746684545,
        0.691356803797468,
        0.6968156642551661,
        0.6948971522005294,
        0.7005142403554313
    ],
    "test_loss": 0.009090128256694266,
    "test_acc": 0.6757127192982457
}